<?xml version="1.0" encoding="UTF-8"?>
<!DOCTYPE mapper 
	PUBLIC "-//mybatis.org//DTD Mapper 3.0//EN" 
	"http://mybatis.org/dtd/mybatis-3-mapper.dtd">
<mapper namespace="com.LCY.myapp.model.dao.WishListMapper">

	<select id="WishListAll" parameterType="int"
		resultType="com.LCY.myapp.model.dto.WishList">
		select * from wish where wish_num > 0
	</select>
	<!-- <select id="OrderListAll" resultType="com.LCY.myapp.model.dto.WishList"> 
		select * from order </select> -->

<!--  -->
	<delete id="delete">
		delete from cafe.wish where wish.wish_num = #{wish_num}
	</delete>
	
	<select id="searchWishListByUser" parameterType="String" resultType="com.LCY.myapp.model.dto.WishList">
		select * from wish where user_id=#{user_id}
	</select>
</mapper>