<?xml version="1.0" encoding="UTF-8"?>
<!DOCTYPE mapper 
	PUBLIC "-//mybatis.org//DTD Mapper 3.0//EN" 
	"http://mybatis.org/dtd/mybatis-3-mapper.dtd">
<mapper namespace="com.LCY.myapp.model.dao.UserMapper">
	<select id="searchUser" parameterType="com.LCY.myapp.model.dto.User" resultType="com.LCY.myapp.model.dto.User">
		select * from user where user_id=#{user_id} and user_pw=#{user_pw}
	</select>
	
	<insert id="insertUser" parameterType="com.LCY.myapp.model.dto.User">
		insert into user values(#{user_id}, #{user_pw}, #{user_nickName}, #{user_tel})
	</insert>
	
	<!-- user id check -->
	<select id="userIdCheck" parameterType="java.lang.String" resultType="_int">
		SELECT COUNT(*) FROM user WHERE user_id=#{user_id}
	</select>
	
	<!-- user nickName check -->
	<select id="userNickNameCheck" parameterType="java.lang.String" resultType="_int">
		SELECT COUNT(*) FROM user WHERE user_nickName=#{user_nickName}
	</select>
	
	<update id="updateUser" parameterType="com.LCY.myapp.model.dto.User">
		update user set user_nickName=#{user_nickName}, user_tel=#{user_tel} where user_id=#{user_id}
	</update>
	
	<delete id="deleteUser" parameterType="com.LCY.myapp.model.dto.User">
		delete from user where user_id=#{user_id}
	</delete>
</mapper>